id,nome,população
Abadia dos Dourados,Abadia dos Dourados,6972
Abaeté,Abaeté,22360
Abre Campo,Abre Campo,13927
Acaiaca,Acaiaca,3909
Aguanil,Aguanil,4357
Aimorés,Aimorés,25141
Aiuruoca,Aiuruoca,6233
Alagoa,Alagoa,2749
Albertina,Albertina,14037
Alfenas,Alfenas,78970
Alfredo Vasconcelos,Alfredo Vasconcelos,5101
Almenara,Almenara,19363
Alpercata,Alpercata,6903
Alpinópolis,Alpinópolis,19958
Alterosa,Alterosa,13915
Alto Caparaó,Alto Caparaó,5795
Alto Jequitibá,Alto Jequitibá,8301
Alto Rio Doce,Alto Rio Doce,10891
Alvarenga,Alvarenga,3783
Alvinópolis,Alvinópolis,15059
Alvorada de Minas,Alvorada de Minas,4159
Além Paraíba,Além Paraíba,30717
Amparo do Serra,Amparo do Serra,19247
Andradas,Andradas,32968
Andrelândia,Andrelândia,11927
Angelândia,Angelândia,7468
Antônio Carlos,Antônio Carlos,11095
Antônio Dias,Antônio Dias,9219
Antônio Prado de Minas,Antônio Prado de Minas,1538
Aracitaba,Aracitaba,18479
Araguari,Araguari,117808
Arantina,Arantina,2915
Araponga,Araponga,8048
Araporã,Araporã,8479
Arapuá,Arapuá,2631
Araxá,Araxá,111691
Araçaí,Araçaí,2181
Araçuaí,Araçuaí,34297
Araújos,Araújos,9199
Arceburgo,Arceburgo,9177
Arcos,Arcos,32687
Areado,Areado,13881
Argirita,Argirita,2688
Aricanduva,Aricanduva,4719
Arinos,Arinos,17272
Astolfo Dutra,Astolfo Dutra,14138
Ataléia,Ataléia,18448
Augusto de Lima,Augusto de Lima,4538
Açucena,Açucena,8943
Baependi,Baependi,17845
Baldim,Baldim,7492
Bambuí,Bambuí,23546
Bandeira,Bandeira,4741
Bandeira do Sul,Bandeira do Sul,5943
Barbacena,Barbacena,2108
Barra Longa,Barra Longa,5666
Barroso,Barroso,20080
Barão de Cocais,Barão de Cocais,30778
Barão do Monte Alto,Barão do Monte Alto,2092
Bela Vista de Minas,Bela Vista de Minas,10167
Belmiro Braga,Belmiro Braga,3244
Belo Horizonte,Belo Horizonte,2315560
Belo Oriente,Belo Oriente,2061
Belo Vale,Belo Vale,8627
Berilo,Berilo,9826
Berizal,Berizal,4201
Bertópolis,Bertópolis,4451
Betim,Betim,306675
Bias Fortes,Bias Fortes,2025
Bicas,Bicas,14554
Biquinhas,Biquinhas,2383
Boa Esperança,Boa Esperança,40219
Bocaina de Minas,Bocaina de Minas,5348
Bocaiúva,Bocaiúva,1992
Bom Despacho,Bom Despacho,17795
Bom Jardim de Minas,Bom Jardim de Minas,6783
Bom Jesus da Penha,Bom Jesus da Penha,4474
Bom Jesus do Amparo,Bom Jesus do Amparo,5631
Bom Jesus do Galho,Bom Jesus do Galho,15195
Bom Repouso,Bom Repouso,14524
Bom Sucesso,Bom Sucesso,17151
Bonfim,Bonfim,7434
Bonfinópolis de Minas,Bonfinópolis de Minas,5528
Bonito de Minas,Bonito de Minas,10204
Borda da Mata,Borda da Mata,17404
Botelhos,Botelhos,14828
Botumirim,Botumirim,5790
Brasilândia de Minas,Brasilândia de Minas,15020
Brasília de Minas,Brasília de Minas,32025
Brazópolis,Brazópolis,14246
Braúnas,Braúnas,4441
Brumadinho,Brumadinho,38915
Brás Pires,Brás Pires,4260
Bueno Brandão,Bueno Brandão,10911
Buenópolis,Buenópolis,9150
Bugre,Bugre,4041
Buritis,Buritis,20396
Buritizeiro,Buritizeiro,23910
Cabeceira Grande,Cabeceira Grande,6627
Cabo Verde,Cabo Verde,11410
Cachoeira Dourada,Cachoeira Dourada,2315
Cachoeira da Prata,Cachoeira da Prata,3693
Cachoeira de Minas,Cachoeira de Minas,10555
Cachoeira de Pajeú,Cachoeira de Pajeú,9110
Caetanópolis,Caetanópolis,11435
Caeté,Caeté,38776
Caiana,Caiana,5304
Cajuri,Cajuri,4088
Caldas,Caldas,14217
Camacho,Camacho,2838
Camanducaia,Camanducaia,26097
Cambuquira,Cambuquira,12313
Cambuí,Cambuí,29536
Campanha,Campanha,15935
Campanário,Campanário,2923
Campestre,Campestre,20696
Campina Verde,Campina Verde,18011
Campo Azul,Campo Azul,3714
Campo Belo,Campo Belo,52277
Campo Florido,Campo Florido,8466
Campo do Meio,Campo do Meio,11377
Campos Altos,Campos Altos,12819
Campos Gerais,Campos Gerais,26105
Cana Verde,Cana Verde,5272
Canaã,Canaã,4548
Candeias,Candeias,14001
Cantagalo,Cantagalo,3974
Canápolis,Canápolis,10608
Caparaó,Caparaó,5048
Capela Nova,Capela Nova,4362
Capelinha,Capelinha,31231
Capetinga,Capetinga,6562
Capim Branco,Capim Branco,10663
Capinópolis,Capinópolis,14655
Capitão Andrade,Capitão Andrade,4585
Capitão Enéas,Capitão Enéas,14108
Capitólio,Capitólio,10380
Caputira,Caputira,8936
Caranaíba,Caranaíba,2933
Carandaí,Carandaí,23812
Carangola,Carangola,31240
Caratinga,Caratinga,12589
Caraí,Caraí,19548
Carbonita,Carbonita,8512
Careaçu,Careaçu,6816
Carlos Chagas,Carlos Chagas,18615
Carmo da Cachoeira,Carmo da Cachoeira,11547
Carmo da Mata,Carmo da Mata,11019
Carmo de Minas,Carmo de Minas,13797
Carmo do Cajuru,Carmo do Cajuru,23479
Carmo do Paranaíba,Carmo do Paranaíba,29011
Carmo do Rio Claro,Carmo do Rio Claro,20954
Carmésia,Carmésia,2605
Carmópolis de Minas,Carmópolis de Minas,2356
Carneirinho,Carneirinho,9422
Carrancas,Carrancas,4049
Carvalhos,Carvalhos,4422
Carvalhópolis,Carvalhópolis,3341
Casa Grande,Casa Grande,2214
Cascalho Rico,Cascalho Rico,2712
Cataguases,Cataguases,66261
Catas Altas,Catas Altas,5473
Catas Altas da Noruega,Catas Altas da Noruega,3110
Catuji,Catuji,7030
Catuti,Catuti,4739
Caxambu,Caxambu,33744
Cedro do Abaeté,Cedro do Abaeté,1081
Central de Minas,Central de Minas,6171
Centralina,Centralina,10207
Chalé,Chalé,6075
Chapada Gaúcha,Chapada Gaúcha,12355
Chapada do Norte,Chapada do Norte,10337
Chiador,Chiador,2800
Chácara,Chácara,3075
Cipotânea,Cipotânea,5261
Claraval,Claraval,4658
Claro dos Poções,Claro dos Poções,7166
Cláudio,Cláudio,30159
Coimbra,Coimbra,7117
Coluna,Coluna,8163
Comendador Gomes,Comendador Gomes,2773
Comercinho,Comercinho,6660
Conceição da Aparecida,Conceição da Aparecida,10371
Conceição da Barra de Minas,Conceição da Barra de Minas,3560
Conceição das Alagoas,Conceição das Alagoas,28381
Conceição das Pedras,Conceição das Pedras,2772
Conceição de Ipanema,Conceição de Ipanema,4409
Conceição do Mato Dentro,Conceição do Mato Dentro,17438
Conceição do Pará,Conceição do Pará,5415
Conceição do Rio Verde,Conceição do Rio Verde,12541
Conceição dos Ouros,Conceição dos Ouros,10880
Confins,Confins,79388
Congonhal,Congonhal,11083
Congonhas,Congonhas,52890
Congonhas do Norte,Congonhas do Norte,4831
Conquista,Conquista,6694
Conselheiro Lafaiete,Conselheiro Lafaiete,131621
Conselheiro Pena,Conselheiro Pena,20824
Consolação,Consolação,1563
Contagem,Contagem,538017
Coqueiral,Coqueiral,9023
Coração de Jesus,Coração de Jesus,25377
Cordisburgo,Cordisburgo,7547
Cordislândia,Cordislândia,3200
Corinto,Corinto,23532
Coroaci,Coroaci,10884
Coromandel,Coromandel,28894
Coronel Fabriciano,Coronel Fabriciano,39160
Coronel Murta,Coronel Murta,8200
Coronel Pacheco,Coronel Pacheco,2762
Coronel Xavier Chaves,Coronel Xavier Chaves,3486
Couto de Magalhães de Minas,Couto de Magalhães de Minas,4245
Cristais,Cristais,12197
Cristiano Otoni,Cristiano Otoni,4667
Cristina,Cristina,10374
Cristália,Cristália,5121
Crisólita,Crisólita,5265
Crucilândia,Crucilândia,5434
Cruzeiro da Fortaleza,Cruzeiro da Fortaleza,3521
Cruzília,Cruzília,15362
Cuparaque,Cuparaque,3983
Curral de Dentro,Curral de Dentro,7406
Curvelo,Curvelo,67512
Cássia,Cássia,17155
Córrego Danta,Córrego Danta,2960
Córrego Fundo,Córrego Fundo,6133
Córrego Novo,Córrego Novo,2875
Córrego do Bom Jesus,Córrego do Bom Jesus,4272
Cônego Marinho,Cônego Marinho,7237
Datas,Datas,5465
Delfim Moreira,Delfim Moreira,7952
Delfinópolis,Delfinópolis,6577
Delta,Delta,10494
Descoberto,Descoberto,4928
Desterro de Entre Rios,Desterro de Entre Rios,7653
Desterro do Melo,Desterro do Melo,2994
Diamantina,Diamantina,47702
Diogo de Vasconcelos,Diogo de Vasconcelos,3549
Dionísio,Dionísio,6847
Divino,Divino,20706
Divino das Laranjeiras,Divino das Laranjeiras,4178
Divinolândia de Minas,Divinolândia de Minas,6516
Divinésia,Divinésia,4226
Divinópolis,Divinópolis,8908
Divisa Alegre,Divisa Alegre,6321
Divisa Nova,Divisa Nova,5851
Divisópolis,Divisópolis,10213
Dom Bosco,Dom Bosco,4552
Dom Cavati,Dom Cavati,4904
Dom Joaquim,Dom Joaquim,4899
Dom Silvério,Dom Silvério,5228
Dom Viçoso,Dom Viçoso,3095
Dona Euzébia,Dona Euzébia,6093
Dores de Campos,Dores de Campos,10007
Dores de Guanhães,Dores de Guanhães,5029
Dores do Indaiá,Dores do Indaiá,12630
Dores do Turvo,Dores do Turvo,4987
Doresópolis,Doresópolis,1461
Douradoquara,Douradoquara,1829
Durandé,Durandé,7817
Elói Mendes,Elói Mendes,10314
Engenheiro Caldas,Engenheiro Caldas,13622
Engenheiro Navarro,Engenheiro Navarro,6354
Entre Folhas,Entre Folhas,5179
Entre Rios de Minas,Entre Rios de Minas,14746
Ervália,Ervália,20255
Esmeraldas,Esmeraldas,47090
Espera Feliz,Espera Feliz,24102
Espinosa,Espinosa,30443
Espírito Santo do Dourado,Espírito Santo do Dourado,6611
Estiva,Estiva,11502
Estrela Dalva,Estrela Dalva,2186
Estrela do Indaiá,Estrela do Indaiá,11804
Estrela do Sul,Estrela do Sul,6840
Eugenópolis,Eugenópolis,10801
Ewbank da Câmara,Ewbank da Câmara,3875
Extrema,Extrema,53482
Fama,Fama,2578
Faria Lemos,Faria Lemos,3188
Felisburgo,Felisburgo,6489
Felixlândia,Felixlândia,13978
Felício dos Santos,Felício dos Santos,5133
Fernandes Tourinho,Fernandes Tourinho,2789
Ferros,Ferros,9590
Fervedouro,Fervedouro,10445
Florestal,Florestal,8045
Formiga,Formiga,68248
Formoso,Formoso,7949
Fortaleza de Minas,Fortaleza de Minas,3477
Fortuna de Minas,Fortuna de Minas,3093
Francisco Badaró,Francisco Badaró,7366
Francisco Dumont,Francisco Dumont,4503
Francisco Sá,Francisco Sá,3700
Franciscópolis,Franciscópolis,5034
Frei Gaspar,Frei Gaspar,5640
Frei Inocêncio,Frei Inocêncio,8226
Frei Lagonegro,Frei Lagonegro,3391
Fronteira,Fronteira,129246
Fronteira dos Vales,Fronteira dos Vales,4345
Fruta de Leite,Fruta de Leite,4647
Frutal,Frutal,58588
Funilândia,Funilândia,4686
Galiléia,Galiléia,3411
Gameleiras,Gameleiras,4793
Glaucilândia,Glaucilândia,2928
Goiabeira,Goiabeira,2830
Goianá,Goianá,4053
Gonzaga,Gonzaga,5230
Gonçalves,Gonçalves,4123
Gouveia,Gouveia,11331
Governador Valadares,Governador Valadares,247131
Grupiara,Grupiara,1392
Grão Mogol,Grão Mogol,13901
Guanhães,Guanhães,32244
Guapé,Guapé,13772
Guaraciaba,Guaraciaba,9753
Guaraciama,Guaraciama,4899
Guarani,Guarani,8918
Guaranésia,Guaranésia,19150
Guarará,Guarará,3149
Guarda-Mor,Guarda-Mor,6539
Guaxupé,Guaxupé,50911
Guidoval,Guidoval,7131
Guimarânia,Guimarânia,8478
Guiricema,Guiricema,7778
Gurinhatã,Gurinhatã,5192
Heliodora,Heliodora,6134
Iapu,Iapu,12030
Ibertioga,Ibertioga,5198
Ibiaí,Ibiaí,6286
Ibiracatu,Ibiracatu,5081
Ibiraci,Ibiraci,10948
Ibirité,Ibirité,133044
Ibitiúra de Minas,Ibitiúra de Minas,3365
Ibituruna,Ibituruna,2698
Ibiá,Ibiá,22229
Icaraí de Minas,Icaraí de Minas,10677
Igarapé,Igarapé,45847
Igaratinga,Igaratinga,10830
Iguatama,Iguatama,6826
Ijaci,Ijaci,7003
Ilicínea,Ilicínea,12741
Imbé de Minas,Imbé de Minas,6986
Inconfidentes,Inconfidentes,7301
Indaiabira,Indaiabira,6346
Indianópolis,Indianópolis,6171
Ingaí,Ingaí,2580
Inhapim,Inhapim,22692
Inhaúma,Inhaúma,6239
Inimutaba,Inimutaba,7371
Ipaba,Ipaba,17136
Ipanema,Ipanema,5181
Ipatinga,Ipatinga,227731
Ipiaçu,Ipiaçu,3775
Ipuiúna,Ipuiúna,7672
Iraí de Minas,Iraí de Minas,7180
Itabira,Itabira,113343
Itabirinha,Itabirinha,10362
Itabirito,Itabirito,37901
Itacambira,Itacambira,4252
Itacarambi,Itacarambi,17208
Itaguara,Itaguara,13846
Itaipé,Itaipé,10463
Itajubá,Itajubá,19975
Itamarandiba,Itamarandiba,32948
Itamarati de Minas,Itamarati de Minas,3690
Itambacuri,Itambacuri,21042
Itambé do Mato Dentro,Itambé do Mato Dentro,18840
Itamogi,Itamogi,10770
Itamonte,Itamonte,14786
Itanhandu,Itanhandu,15236
Itanhomi,Itanhomi,11128
Itaobim,Itaobim,19151
Itapagipe,Itapagipe,13690
Itapecerica,Itapecerica,21046
Itapeva,Itapeva,9881
Itatiaiuçu,Itatiaiuçu,6969
Itaverava,Itaverava,5642
Itaú de Minas,Itaú de Minas,14406
Itaúna,Itaúna,97669
Itinga,Itinga,4633
Itueta,Itueta,5641
Ituiutaba,Ituiutaba,102217
Itumirim,Itumirim,5978
Iturama,Iturama,38295
Itutinga,Itutinga,4217
Jaboticatubas,Jaboticatubas,20406
Jacinto,Jacinto,11042
Jacutinga,Jacutinga,25525
Jacuí,Jacuí,7495
Jaguaraçu,Jaguaraçu,3092
Jampruca,Jampruca,4296
Janaúba,Janaúba,70699
Januária,Januária,63605
Japaraíba,Japaraíba,3473
Japonvar,Japonvar,2158
Jaíba,Jaíba,37660
Jeceaba,Jeceaba,6197
Jenipapo de Minas,Jenipapo de Minas,6100
Jequeri,Jequeri,12419
Jequitaí,Jequitaí,5780
Jequitibá,Jequitibá,5883
Jequitinhonha,Jequitinhonha,22902
Jesuânia,Jesuânia,5138
Joanésia,Joanésia,4329
Joaquim Felício,Joaquim Felício,3854
Joaíma,Joaíma,13888
Jordânia,Jordânia,10304
Josenópolis,Josenópolis,3630
José Gonçalves de Minas,José Gonçalves de Minas,3969
José Raydan,José Raydan,4268
João Monlevade,João Monlevade,10600
João Pinheiro,João Pinheiro,46801
Juatuba,Juatuba,30716
Juiz de Fora,Juiz de Fora,540756
Juramento,Juramento,3768
Juruaia,Juruaia,11084
Juvenília,Juvenília,5789
Ladainha,Ladainha,14383
Lagamar,Lagamar,6631
Lagoa Dourada,Lagoa Dourada,12769
Lagoa Formosa,Lagoa Formosa,18904
Lagoa Grande,Lagoa Grande,8969
Lagoa Santa,Lagoa Santa,75145
Lagoa da Prata,Lagoa da Prata,51412
Lagoa dos Patos,Lagoa dos Patos,3313
Lajinha,Lajinha,20835
Lambari,Lambari,20414
Lamim,Lamim,3184
Laranjal,Laranjal,17479
Lassance,Lassance,7124
Lavras,Lavras,104761
Leandro Ferreira,Leandro Ferreira,3199
Leme do Prado,Leme do Prado,4341
Leopoldina,Leopoldina,51145
Liberdade,Liberdade,4737
Lima Duarte,Lima Duarte,17221
Limeira do Oeste,Limeira do Oeste,8687
Lontra,Lontra,8790
Luisburgo,Luisburgo,6956
Luislândia,Luislândia,6210
Luminárias,Luminárias,3282
Luz,Luz,18257
Machacalis,Machacalis,6487
Machado,Machado,37684
Madre de Deus de Minas,Madre de Deus de Minas,5191
Malacacheta,Malacacheta,17516
Mamonas,Mamonas,5997
Manga,Manga,18886
Manhuaçu,Manhuaçu,3828
Manhumirim,Manhumirim,20025
Mantena,Mantena,26535
Mar de Espanha,Mar de Espanha,12721
Maravilhas,Maravilhas,7333
Maria da Fé,Maria da Fé,14247
Mariana,Mariana,86619
Marilac,Marilac,4224
Maripá de Minas,Maripá de Minas,3387
Marliéria,Marliéria,4592
Marmelópolis,Marmelópolis,3200
Martinho Campos,Martinho Campos,14003
Martins Soares,Martins Soares,8396
Mata Verde,Mata Verde,7085
Materlândia,Materlândia,3963
Mateus Leme,Mateus Leme,37841
Mathias Lobato,Mathias Lobato,3038
Matias Barbosa,Matias Barbosa,14121
Matias Cardoso,Matias Cardoso,8895
Matipó,Matipó,18552
Mato Verde,Mato Verde,12038
Matozinhos,Matozinhos,37618
Matutina,Matutina,3814
Medeiros,Medeiros,3900
Medina,Medina,20156
Mendes Pimentel,Mendes Pimentel,5606
Mercês,Mercês,10373
Mesquita,Mesquita,5040
Minas Novas,Minas Novas,24405
Minduri,Minduri,3741
Mirabela,Mirabela,13651
Miradouro,Miradouro,8968
Miravânia,Miravânia,3985
Miraí,Miraí,13633
Moeda,Moeda,5125
Moema,Moema,7548
Monjolos,Monjolos,2169
Monsenhor Paulo,Monsenhor Paulo,8340
Montalvânia,Montalvânia,14060
Monte Alegre de Minas,Monte Alegre de Minas,20170
Monte Azul,Monte Azul,20328
Monte Belo,Monte Belo,13046
Monte Carmelo,Monte Carmelo,43899
Monte Formoso,Monte Formoso,4381
Monte Santo de Minas,Monte Santo de Minas,20890
Monte Sião,Monte Sião,24089
Montes Claros,Montes Claros,306947
Montezuma,Montezuma,6888
Morada Nova de Minas,Morada Nova de Minas,7606
Morro da Garça,Morro da Garça,2411
Morro do Pilar,Morro do Pilar,3133
Munhoz,Munhoz,7451
Muriaé,Muriaé,104108
Mutum,Mutum,2684
Muzambinho,Muzambinho,21891
Mário Campos,Mário Campos,713224
Nacip Raydan,Nacip Raydan,2459
Nanuque,Nanuque,706597
Naque,Naque,6303
Natalândia,Natalândia,3520
Natércia,Natércia,4691
Nazareno,Nazareno,8179
Nepomuceno,Nepomuceno,25018
Ninheira,Ninheira,10588
Nova Belém,Nova Belém,3151
Nova Era,Nova Era,17438
Nova Lima,Nova Lima,111697
Nova Módica,Nova Módica,3663
Nova Ponte,Nova Ponte,14598
Nova Porteirinha,Nova Porteirinha,6706
Nova Resende,Nova Resende,16387
Nova Serrana,Nova Serrana,105552
Nova União,Nova União,5909
Novo Cruzeiro,Novo Cruzeiro,26975
Novo Oriente de Minas,Novo Oriente de Minas,10275
Novorizonte,Novorizonte,4571
Olaria,Olaria,1945
Olhos-d'Água,Olhos-d'Água,5385
Oliveira,Oliveira,39262
Oliveira Fortes,Oliveira Fortes,2027
Olímpio Noronha,Olímpio Noronha,2555
Onça de Pitangui,Onça de Pitangui,2969
Oratórios,Oratórios,4917
Orizânia,Orizânia,8437
Ouro Branco,Ouro Branco,38724
Ouro Fino,Ouro Fino,699097
Ouro Preto,Ouro Preto,74558
Ouro Verde de Minas,Ouro Verde de Minas,5757
Padre Carvalho,Padre Carvalho,5058
Padre Paraíso,Padre Paraíso,17334
Pai Pedro,Pai Pedro,5551
Paineiras,Paineiras,4224
Pains,Pains,8142
Paiva,Paiva,1474
Palma,Palma,5707
Palmópolis,Palmópolis,6301
Papagaios,Papagaios,13920
Paracatu,Paracatu,75216
Paraguaçu,Paraguaçu,21605
Paraisópolis,Paraisópolis,20445
Paraopeba,Paraopeba,604013
Pará de Minas,Pará de Minas,97139
Passa Quatro,Passa Quatro,16393
Passa Tempo,Passa Tempo,8473
Passa Vinte,Passa Vinte,501214
Passabém,Passabém,1600
Passos,Passos,340277
Patis,Patis,4837
Patos de Minas,Patos de Minas,337836
Patrocínio,Patrocínio,333783
Patrocínio do Muriaé,Patrocínio do Muriaé,5576
Paula Cândido,Paula Cândido,8659
Paulistas,Paulistas,4389
Pavão,Pavão,8047
Pedra Azul,Pedra Azul,24410
Pedra Bonita,Pedra Bonita,295988
Pedra Dourada,Pedra Dourada,2757
Pedra do Anta,Pedra do Anta,3311
Pedra do Indaiá,Pedra do Indaiá,4112
Pedralva,Pedralva,10760
Pedras de Maria da Cruz,Pedras de Maria da Cruz,8871
Pedrinópolis,Pedrinópolis,3344
Pedro Leopoldo,Pedro Leopoldo,62580
Pedro Teixeira,Pedro Teixeira,1810
Pequeri,Pequeri,3351
Pequi,Pequi,4155
Perdigão,Perdigão,252051
Perdizes,Perdizes,17151
Perdões,Perdões,21384
Periquito,Periquito,6553
Pescador,Pescador,3570
Peçanha,Peçanha,17446
Piau,Piau,2796
Piedade de Caratinga,Piedade de Caratinga,8529
Piedade de Ponte Nova,Piedade de Ponte Nova,3976
Piedade do Rio Grande,Piedade do Rio Grande,4604
Piedade dos Gerais,Piedade dos Gerais,5019
Pimenta,Pimenta,8563
Pingo-d'Água,Pingo-d'Água,4706
Pintópolis,Pintópolis,7084
Piracema,Piracema,6700
Pirajuba,Pirajuba,5537
Piranga,Piranga,17018
Piranguinho,Piranguinho,9120
Piranguçu,Piranguçu,6041
Pirapetinga,Pirapetinga,11077
Pirapora,Pirapora,50300
Piraúba,Piraúba,11610
Pitangui,Pitangui,26685
Piumhi,Piumhi,36062
Planura,Planura,11145
Pocrane,Pocrane,8350
Pompéu,Pompéu,31047
Ponte Nova,Ponte Nova,13017
Ponto Chique,Ponto Chique,3747
Ponto dos Volantes,Ponto dos Volantes,10883
Porteirinha,Porteirinha,37438
Porto Firme,Porto Firme,10569
Poté,Poté,13666
Pouso Alegre,Pouso Alegre,4935
Pouso Alto,Pouso Alto,6566
Poço Fundo,Poço Fundo,15148
Poços de Caldas,Poços de Caldas,20000
Prados,Prados,9048
Prata,Prata,28342
Pratinha,Pratinha,3559
Pratápolis,Pratápolis,8406
Presidente Bernardes,Presidente Bernardes,5341
Presidente Juscelino,Presidente Juscelino,25470
Presidente Kubitschek,Presidente Kubitschek,3071
Presidente Olegário,Presidente Olegário,18765
Prudente de Morais,Prudente de Morais,11466
Quartel Geral,Quartel Geral,3179
Queluzito,Queluzito,1770
Raposos,Raposos,16279
Raul Soares,Raul Soares,5886
Recreio,Recreio,11007
Reduto,Reduto,7848
Resende Costa,Resende Costa,11230
Resplendor,Resplendor,57127
Ressaquinha,Ressaquinha,4548
Riachinho,Riachinho,6863
Riacho dos Machados,Riacho dos Machados,8756
Ribeirão Vermelho,Ribeirão Vermelho,4080
Ribeirão das Neves,Ribeirão das Neves,329794
Rio Acima,Rio Acima,10261
Rio Casca,Rio Casca,12789
Rio Doce,Rio Doce,2484
Rio Espera,Rio Espera,5429
Rio Manso,Rio Manso,5568
Rio Novo,Rio Novo,8518
Rio Paranaíba,Rio Paranaíba,14532
Rio Pardo de Minas,Rio Pardo de Minas,28271
Rio Piracicaba,Rio Piracicaba,14631
Rio Pomba,Rio Pomba,17443
Rio Preto,Rio Preto,5141
Rio Vermelho,Rio Vermelho,12635
Rio do Prado,Rio do Prado,4639
Ritápolis,Ritápolis,4994
Rochedo de Minas,Rochedo de Minas,2291
Rodeiro,Rodeiro,8664
Romaria,Romaria,3386
Rosário da Limeira,Rosário da Limeira,4734
Rubelita,Rubelita,5679
Rubim,Rubim,10298
Sabará,Sabará,115352
Sabinópolis,Sabinópolis,14240
Sacramento,Sacramento,26670
Salinas,Salinas,40178
Salto da Divisa,Salto da Divisa,6110
Santa Bárbara,Santa Bárbara,30466
Santa Bárbara do Leste,Santa Bárbara do Leste,8458
Santa Bárbara do Monte Verde,Santa Bárbara do Monte Verde,3095
Santa Bárbara do Tugúrio,Santa Bárbara do Tugúrio,4208
Santa Cruz de Minas,Santa Cruz de Minas,8109
Santa Cruz de Salinas,Santa Cruz de Salinas,3910
Santa Cruz do Escalvado,Santa Cruz do Escalvado,4673
Santa Efigênia de Minas,Santa Efigênia de Minas,4039
Santa Fé de Minas,Santa Fé de Minas,3522
Santa Helena de Minas,Santa Helena de Minas,56940
Santa Juliana,Santa Juliana,15734
Santa Luzia,Santa Luzia,55255
Santa Margarida,Santa Margarida,16395
Santa Maria de Itabira,Santa Maria de Itabira,10346
Santa Maria do Salto,Santa Maria do Salto,4755
Santa Maria do Suaçuí,Santa Maria do Suaçuí,12788
Santa Rita de Caldas,Santa Rita de Caldas,8460
Santa Rita de Ibitipoca,Santa Rita de Ibitipoca,3301
Santa Rita de Jacutinga,Santa Rita de Jacutinga,4755
Santa Rita de Minas,Santa Rita de Minas,6773
Santa Rita do Itueto,Santa Rita do Itueto,5826
Santa Rita do Sapucaí,Santa Rita do Sapucaí,40635
Santa Rosa da Serra,Santa Rosa da Serra,3382
Santa Vitória,Santa Vitória,20973
Santana da Vargem,Santana da Vargem,6691
Santana de Cataguases,Santana de Cataguases,3489
Santana de Pirapama,Santana de Pirapama,7030
Santana do Deserto,Santana do Deserto,3747
Santana do Garambéu,Santana do Garambéu,2137
Santana do Jacaré,Santana do Jacaré,4214
Santana do Manhuaçu,Santana do Manhuaçu,8987
Santana do Paraíso,Santana do Paraíso,53860
Santana do Riacho,Santana do Riacho,5313
Santana dos Montes,Santana dos Montes,3469
Santo Antônio do Amparo,Santo Antônio do Amparo,51024
Santo Antônio do Aventureiro,Santo Antônio do Aventureiro,3769
Santo Antônio do Grama,Santo Antônio do Grama,4229
Santo Antônio do Itambé,Santo Antônio do Itambé,3915
Santo Antônio do Jacinto,Santo Antônio do Jacinto,10327
Santo Antônio do Monte,Santo Antônio do Monte,28895
Santo Antônio do Retiro,Santo Antônio do Retiro,6629
Santo Antônio do Rio Abaixo,Santo Antônio do Rio Abaixo,1808
Santo Hipólito,Santo Hipólito,2717
Santos Dumont,Santos Dumont,42406
Sapucaí-Mirim,Sapucaí-Mirim,6311
Sardoá,Sardoá,5104
Sarzedo,Sarzedo,36844
Sem-Peixe,Sem-Peixe,2433
Senador Amaral,Senador Amaral,6206
Senador Cortes,Senador Cortes,2240
Senador Firmino,Senador Firmino,7716
Senador José Bento,Senador José Bento,75485
Senador Modestino Gonçalves,Senador Modestino Gonçalves,4008
Senhora de Oliveira,Senhora de Oliveira,5483
Senhora do Porto,Senhora do Porto,3067
Senhora dos Remédios,Senhora dos Remédios,10384
Sericita,Sericita,7345
Seritinga,Seritinga,1819
Serra Azul de Minas,Serra Azul de Minas,3792
Serra da Saudade,Serra da Saudade,833
Serra do Salitre,Serra do Salitre,11801
Serra dos Aimorés,Serra dos Aimorés,6944
Serrania,Serrania,7621
Serranos,Serranos,1990
Serranópolis de Minas,Serranópolis de Minas,4399
Serro,Serro,8609
Sete Lagoas,Sete Lagoas,7214
Setubinha,Setubinha,9917
Silveirânia,Silveirânia,2323
Silvianópolis,Silvianópolis,6179
Simonésia,Simonésia,19750
Simão Pereira,Simão Pereira,2947
Sobrália,Sobrália,5137
Soledade de Minas,Soledade de Minas,5613
São Bento Abade,São Bento Abade,4713
São Brás do Suaçuí,São Brás do Suaçuí,3989
São Domingos das Dores,São Domingos das Dores,5626
São Domingos do Prata,São Domingos do Prata,17392
São Francisco,São Francisco,52762
São Francisco de Paula,São Francisco de Paula,6187
São Francisco de Sales,São Francisco de Sales,5732
São Francisco do Glória,São Francisco do Glória,4800
São Félix de Minas,São Félix de Minas,3200
São Geraldo,São Geraldo,10282
São Geraldo da Piedade,São Geraldo da Piedade,3305
São Geraldo do Baixio,São Geraldo do Baixio,3143
São Gonçalo do Abaeté,São Gonçalo do Abaeté,3826
São Gonçalo do Pará,São Gonçalo do Pará,11770
São Gonçalo do Rio Abaixo,São Gonçalo do Rio Abaixo,11850
São Gonçalo do Rio Preto,São Gonçalo do Rio Preto,3032
São Gonçalo do Sapucaí,São Gonçalo do Sapucaí,16185
São Gotardo,São Gotardo,40910
São Joaquim de Bicas,São Joaquim de Bicas,34348
São José da Barra,São José da Barra,7793
São José da Lapa,São José da Lapa,15000
São José da Safira,São José da Safira,3806
São José da Varginha,São José da Varginha,4536
São José do Alegre,São José do Alegre,4133
São José do Divino,São José do Divino,3464
São José do Goiabal,São José do Goiabal,5396
São José do Jacuri,São José do Jacuri,6197
São José do Mantimento,São José do Mantimento,2753
São João Batista do Glória,São João Batista do Glória,7652
São João Evangelista,São João Evangelista,15315
São João Nepomuceno,São João Nepomuceno,7883
São João da Lagoa,São João da Lagoa,7744
São João da Mata,São João da Mata,2914
São João da Ponte,São João da Ponte,23930
São João das Missões,São João das Missões,13024
São João del Rei,São João del Rei,81579
São João do Manhuaçu,São João do Manhuaçu,11246
São João do Manteninha,São João do Manteninha,5331
São João do Oriente,São João do Oriente,7070
São João do Pacuí,São João do Pacuí,3664
São João do Paraíso,São João do Paraíso,23910
São Lourenço,São Lourenço,137418
São Miguel do Anta,São Miguel do Anta,6334
São Pedro da União,São Pedro da União,4885
São Pedro do Suaçuí,São Pedro do Suaçuí,5103
São Pedro dos Ferros,São Pedro dos Ferros,12255
São Romão,São Romão,10315
São Roque de Minas,São Roque de Minas,7129
São Sebastião da Bela Vista,São Sebastião da Bela Vista,14709
São Sebastião da Vargem Alegre,São Sebastião da Vargem Alegre,3113
São Sebastião do Anta,São Sebastião do Anta,6194
São Sebastião do Maranhão,São Sebastião do Maranhão,10079
São Sebastião do Oeste,São Sebastião do Oeste,8815
São Sebastião do Paraíso,São Sebastião do Paraíso,71796
São Sebastião do Rio Preto,São Sebastião do Rio Preto,1259
São Sebastião do Rio Verde,São Sebastião do Rio Verde,2300
São Tiago,São Tiago,10245
São Tomás de Aquino,São Tomás de Aquino,6740
São Tomé das Letras,São Tomé das Letras,6904
São Vicente de Minas,São Vicente de Minas,6804
Tabuleiro,Tabuleiro,4014
Taiobeiras,Taiobeiras,33050
Taparuba,Taparuba,3387
Tapira,Tapira,4118
Tapiraí,Tapiraí,1690
Taquaraçu de Minas,Taquaraçu de Minas,4224
Tarumirim,Tarumirim,11192
Teixeiras,Teixeiras,10960
Teófilo Otoni,Teófilo Otoni,10561
Timóteo,Timóteo,4476
Tiradentes,Tiradentes,4448
Tiros,Tiros,4060
Tocantins,Tocantins,3972
Tocos do Moji,Tocos do Moji,90225
Toledo,Toledo,26090
Tombos,Tombos,24490
Três Corações,Três Corações,24135
Três Marias,Três Marias,19799
Três Pontas,Três Pontas,46789
Tumiritinga,Tumiritinga,46421
Tupaciguara,Tupaciguara,46284
Turmalina,Turmalina,7521
Turvolândia,Turvolândia,7231
Ubaporanga,Ubaporanga,7073
Ubaí,Ubaí,7047
Uberaba,Uberaba,10867
Uberlândia,Uberlândia,10857
Ubá,Ubá,10552
Umburatiba,Umburatiba,10485
Unaí,Unaí,137877
União de Minas,União de Minas,137125
Uruana de Minas,Uruana de Minas,129380
Urucuia,Urucuia,126269
Urucânia,Urucânia,14905
Vargem Alegre,Vargem Alegre,13645
Vargem Bonita,Vargem Bonita,12739
Vargem Grande do Rio Pardo,Vargem Grande do Rio Pardo,12641
Varginha,Varginha,16900
Varjão de Minas,Varjão de Minas,16846
Varzelândia,Varzelândia,16390
Vazante,Vazante,15959
Verdelândia,Verdelândia,56640
Veredinha,Veredinha,55606
Vermelho Novo,Vermelho Novo,53368
Veríssimo,Veríssimo,12313
Vespasiano,Vespasiano,12212
Vieiras,Vieiras,10433
Virgem da Lapa,Virgem da Lapa,10315
Virginópolis,Virginópolis,2233
Virgolândia,Virgolândia,94539
Virgínia,Virgínia,94023
Visconde do Rio Branco,Visconde do Rio Branco,93862
Viçosa,Viçosa,84718
Volta Grande,Volta Grande,9067
Várzea da Palma,Várzea da Palma,8955
Wenceslau Braz,Wenceslau Braz,8910
Água Boa,Água Boa,8255
Água Comprida,Água Comprida,417478
Águas Formosas,Águas Formosas,414240
Águas Vermelhas,Águas Vermelhas,361915
